<?xml version="1.0" encoding="UTF-8"?>
<topic xmlns:xsi="http://www.w3.org/2001/XMLSchema-instance" id="A01_topic_1_2"
       xsi:noNamespaceSchemaLocation="urn:nccer:names:ncs:xsd:NCS_topic.xsd"
       xml:lang="en">
   <title>NCCER Partners</title>
   <body>
      <ul>
         <li>
            <p>American Council for Construction Education</p>
         </li>
         <li>
            <p>American Fire Sprinkler Association</p>
         </li>
         <li>
            <p>Associated Builders and Contractors, Inc.</p>
         </li>
         <li>
            <p>Associated General Contractors of America</p>
         </li>
         <li>
            <p>Association for Career and Technical Education</p>
         </li>
         <li>
            <p>Association for Skilled and Technical Sciences</p>
         </li>
         <li>
            <p>Construction Industry Institute</p>
         </li>
         <li>
            <p>Construction Users Roundtable</p>
         </li>
         <li>
            <p>Design Build Institute of America</p>
         </li>
         <li>
            <p>GSSC – Gulf States Shipbuilders Consortium</p>
         </li>
         <li>
            <p>ISN</p>
         </li>
         <li>
            <p>Manufacturing Institute</p>
         </li>
         <li>
            <p>Mason Contractors Association of America</p>
         </li>
         <li>
            <p>Merit Contractors Association of Canada</p>
         </li>
         <li>
            <p>NACE International</p>
         </li>
         <li>
            <p>National Association of Women in Construction</p>
         </li>
         <li>
            <p>National Insulation Association</p>
         </li>
         <li>
            <p>National Technical Honor Society</p>
         </li>
         <li>
            <p>National Utility Contractors Association</p>
         </li>
         <li>
            <p>NAWIC Education Foundation</p>
         </li>
         <li>
            <p>North American Crane Bureau</p>
         </li>
         <li>
            <p>North American Technician Excellence</p>
         </li>
         <li>
            <p>Pearson</p>
         </li>
         <li>
            <p>Prov</p>
         </li>
         <li>
            <p>SkillsUSA<sup>®</sup>
            </p>
         </li>
         <li>
            <p>Steel Erectors Association of America</p>
         </li>
         <li>
            <p>U.S. Army Corps of Engineers</p>
         </li>
         <li>
            <p>University of Florida, M. E. Rinker Sr., School of Construction Management</p>
         </li>
         <li>
            <p>Women Construction Owners &amp; Executives, USA</p>
            <fig>
               <image keyref="Business_Partners"/>
            </fig>
         </li>
      </ul>
   </body>
</topic>