<?xml version="1.0" encoding="UTF-8"?>
<topic xmlns:xsi="http://www.w3.org/2001/XMLSchema-instance" id="A01_topic_1_1"
       xsi:noNamespaceSchemaLocation="urn:nccer:names:ncs:xsd:NCS_topic.xsd"
       xml:lang="en">
   <title>Acknowledgments</title>
   <body>
      <p>This curriculum was revised as a result of the farsightedness and leadership of the following sponsors:</p>
      <ul>
         <li>
            <p>ABC Southern California Chapter</p>
         </li>
         <li>
            <p>Calculated Industries</p>
         </li>
         <li>
            <p>College of Southern Maryland</p>
         </li>
         <li>
            <p>Corinthian Colleges, Inc.</p>
         </li>
         <li>
            <p>Hughes Supply</p>
         </li>
         <li>
            <p>Industrial Management &amp; Training Institute, Inc</p>
         </li>
         <li>
            <p>Ivey Mechanical Company, LLC</p>
         </li>
         <li>
            <p>Lake Mechanical Contractors, Inc.</p>
         </li>
         <li>
            <p>Lee Company</p>
         </li>
         <li>
            <p>Maryland Correctional Training Center</p>
         </li>
         <li>
            <p>Mississippi Construction Education Foundation</p>
         </li>
         <li>
            <p>MultiCraft Construction LLC</p>
         </li>
         <li>
            <p>Southern Plumbing</p>
         </li>
         <li>
            <p>Sundt</p>
         </li>
         <li>
            <p>Vision Quest Academy</p>
         </li>
         <li>
            <p>Wat-Kem Mechanical, Inc.</p>
         </li>
      </ul>
      <p>This curriculum would not exist were it not for the dedication and unselfish energy of those volunteers who served on the Authoring Team. A sincere thanks is extended to the following:</p>
      <ul>
         <li>
            <p>Doug Allen</p>
         </li>
         <li>
            <p>Ken Allen</p>
         </li>
         <li>
            <p>Jonathan Byrd</p>
         </li>
         <li>
            <p>Jesse Coyle</p>
         </li>
         <li>
            <p>Frank Guertler</p>
         </li>
         <li>
            <p>Steve Guy</p>
         </li>
         <li>
            <p>Terry Lunt</p>
         </li>
         <li>
            <p>W.B. Noble</p>
         </li>
         <li>
            <p>Jan Prakke</p>
         </li>
         <li>
            <p>Bob Redd</p>
         </li>
         <li>
            <p>Ed Rimbey</p>
         </li>
         <li>
            <p>Brad Sims</p>
         </li>
         <li>
            <p>John Stronkowski</p>
         </li>
         <li>
            <p>Brent Thompson</p>
         </li>
         <li>
            <p>Ray Thornton</p>
         </li>
         <li>
            <p>Tony Vazquez</p>
         </li>
      </ul>
   </body>
</topic>