<?xml version="1.0" encoding="UTF-8"?>
<topic xmlns:xsi="http://www.w3.org/2001/XMLSchema-instance" id="A01_topic_1_3"
       xsi:noNamespaceSchemaLocation="urn:nccer:names:ncs:xsd:NCS_topic.xsd"
       xml:lang="en">
   <title>Contents</title>
   <body>
      <section>
         <title>Introduction to the Plumbing Profession</title>
         <p>Introduces trainees to the many career options available in today’s plumbing profession. Provides a history of plumbing and also discusses the current technology, industries, and associations that make up the modern plumbing profession. Also reviews human relations and safety skills. (Module ID 02101; 5 hours)</p>
      </section>
   </body>
</topic>