<?xml version="1.0" encoding="UTF-8"?>
<learningContent xmlns:xsi="http://www.w3.org/2001/XMLSchema-instance" id="M01_topic_3_1_9"
                 xsi:noNamespaceSchemaLocation="urn:nccer:names:ncs:xsd:NCS_learningContent.xsd"
                 xml:lang="en">
   <title>2.1.9 Other Important Qualities</title>
   <learningContentbody>
      <lcInstruction>
         <p>Demonstrate personal integrity and the courage of your convictions by doing what is right even where there is pressure to do otherwise. Do not sacrifice your principles because it seems easier. Be fair and just in all dealings. Do not take undue advantage of another’s mistakes or difficulties. Fair people are open-minded and committed to justice, equal treatment of individuals, and tolerance for and acceptance of diversity. Be courteous and treat all people with equal respect and dignity. Abide by laws, rules, and regulations relating to all personal and business activities.</p>
      </lcInstruction>
      <section>
         <p>Pursue excellence in performing your duties, be well informed and prepared, and constantly try to increase your proficiency by gaining new skills and knowledge. By your own conduct, seek to be a positive role model for others.</p>
      </section>
   </learningContentbody>
</learningContent>