<?xml version="1.0" encoding="UTF-8"?>
<learningContent xmlns:xsi="http://www.w3.org/2001/XMLSchema-instance" id="M01_topic_3_0"
                 xsi:noNamespaceSchemaLocation="urn:nccer:names:ncs:xsd:NCS_learningContent.xsd"
                 xml:lang="en">
   <supertitle>Section Two</supertitle>
   <title>2.0.0 Responsibilities of a Plumbing Professional</title>
   <learningContentbody>
      <lcObjectives>
         <title>Objective</title>
         <lcObjectivesStem>Identify the responsibilities of a person working in the plumbing industry.</lcObjectivesStem>
         <lcObjectivesGroup>
            <lcObjective props="a.">
               <p>State the personal characteristics of a professional.</p>
            </lcObjective>
            <lcObjective props="b.">
               <p>Identify career opportunities in plumbing.</p>
            </lcObjective>
         </lcObjectivesGroup>
      </lcObjectives>
      <section sourcetype="glossary">
         <title>Trade Terms</title>
         <dl>
            <dlentry>
               <dt>Ethics</dt>
               <dd>: A set of principles and values that guide an individual’s conduct.</dd>
            </dlentry>
         </dl>
      </section>
      <lcInstruction>
         <p>To be a successful plumber, you must be able to produce finished products of high quality in a minimum amount of time. You have probably heard the phrase “on time and on (or under) budget.” Take a moment to really think about what this phrase means. It means that the job is completed by the deadline, and that it does not cost more than what was originally expected.</p>
      </lcInstruction>
   </learningContentbody>
</learningContent>