<?xml version="1.0" encoding="UTF-8"?>
<learningContent xmlns:xsi="http://www.w3.org/2001/XMLSchema-instance" id="M01_topic_2_2_1"
                 xsi:noNamespaceSchemaLocation="urn:nccer:names:ncs:xsd:NCS_learningContent.xsd"
                 xml:lang="en">
   <title>1.2.1 Responsibilities in the Plumbing Profession</title>
   <learningContentbody>
      <lcInstruction>
         <p>Plumbing is practically everywhere: in kitchens and bathrooms; at golf courses; in parks; and at municipal sanitary, sewage, and water systems. Because the manmade environment relies on plumbing, plumbers play a very important role in society. The systems that plumbers install do many things, including the following:</p>
      </lcInstruction>
      <ul>
         <li>
            <p>Make drinking water safe and pure</p>
         </li>
         <li>
            <p>Protect homes and businesses from fires</p>
         </li>
         <li>
            <p>Help keep basements dry</p>
         </li>
         <li>
            <p>Help keep lawns and gardens green</p>
         </li>
      </ul>
      <section>
         <p>The plumbing profession is made up of talented craftworkers who draw on a set of skills that are well suited to the field. Plumbers are good at working with their hands. They can use precise measuring and testing tools with skill. They get a lot of satisfaction from solving complex problems. Plumbers take pride in their work.</p>
         <p>A plumber must have critical thinking skills to be able to read and interpret construction drawings, review manufacturer’s specifications, understand and apply legal standards, rough-in entire plumbing systems, and troubleshoot problems. Plumbers must have a firm grasp of basic mathematics. They need to be fairly fit and flexible, because their work can be physically demanding. Plumbers often work in cramped spaces and do a lot of work while standing up.</p>
         <p>Plumbers need these skills because they perform a wide range of tasks. Plumbers design, install, repair, and maintain <term>potable</term> (drinkable) water supply lines and piping layouts; drainage systems; drain, waste, and vent (DWV) systems; and gas systems. There are many professions related to plumbing that require the same base knowledge that a plumber has, including the following:</p>
      </section>
      <ul>
         <li>
            <p>Sprinkler fitters, who install fire-sprinkler and other fire-protection systems in buildings</p>
         </li>
         <li>
            <p>Pipefitters, who install piping for steam, water heating and cooling, lubrication, and other uses</p>
         </li>
         <li>
            <p>Steamfitters, who install pipe systems to move liquids or gases under high pressure</p>
         </li>
         <li>
            <p>Irrigation system installers, who design, install, and maintain irrigation systems for small areas such as residential gardens and large areas such as golf courses</p>
         </li>
      </ul>
      <section>
         <p>Plumbers also specialize in commercial and residential design, construction, remodeling, renovation, and maintenance. Plumbers can own and operate their own contracting business. They can also branch out into related fields by becoming plumbing inspectors, instructors, estimators, or safety managers.</p>
         <p>Many plumbers specialize in servicing specific types of systems, such as air conditioning, heating, and water distribution systems. They become experts in troubleshooting and repairing malfunctioning equipment. If you specialize in the service and repair of specific systems, you will always be in demand.</p>
         <p>Whatever their specialty, plumbers work with the latest technology, tools, and equipment. Being a plumber means keeping up-to-date on the technological developments in plumbing, on better methods to do plumbing work, on the qualities and advantages of new materials, and on changes to the codes and standards that govern plumbing. A code is a legal document adopted by a jurisdiction that establishes the minimum acceptable standards, rules, and regulations for all materials, practices, and installations used in buildings and building systems.</p>
         <p>Most states and localities require plumbers to be licensed as a <term>journey plumber</term>, master plumber, and/or plumbing contractor. Refer to your local code for the guidelines that apply where you work.</p>
      </section>
   </learningContentbody>
</learningContent>