<?xml version="1.0" encoding="UTF-8"?>
<learningContent xmlns:xsi="http://www.w3.org/2001/XMLSchema-instance" id="M01_topic_3_1_4"
                 xsi:noNamespaceSchemaLocation="urn:nccer:names:ncs:xsd:NCS_learningContent.xsd"
                 xml:lang="en">
   <title>2.1.4 Willingness to Learn</title>
   <learningContentbody>
      <lcInstruction>
         <p>A good plumber never stops learning. New machines, tools, materials, and methods are constantly being introduced. Even experienced plumbers need to be willing to learn about these advancements. If you keep your methods and tools up-to-date, your company will be able to use your skills to compete successfully with other companies. The better a company competes, the more profit it makes. The more profit the company makes, the more likely it is to stay in business, provide jobs, and raise salaries, all of which benefit you as an employee.</p>
      </lcInstruction>
      <section>
         <p>In addition, each workplace has its own way of doing things. Your employer or sponsor will expect you to learn how things are done where you work. You must be able to adapt to change and be willing to learn new methods and procedures as quickly as possible.</p>
      </section>
   </learningContentbody>
</learningContent>