<?xml version="1.0" encoding="UTF-8"?>
<learningContent xmlns:xsi="http://www.w3.org/2001/XMLSchema-instance" id="M01_topic_3_2_6"
                 xsi:noNamespaceSchemaLocation="urn:nccer:names:ncs:xsd:NCS_learningContent.xsd"
                 xml:lang="en">
   <title>2.2.6 What You Should Expect from the Apprenticeship Committee</title>
   <learningContentbody>
      <lcInstruction>
         <p>The Apprenticeship Committee is the local administrative body to which apprentices are assigned. It is responsible for the appropriate training of apprentices. Every apprenticeship program, whether state or federal, is covered by the following standards that have been approved by appropriate government agencies:</p>
      </lcInstruction>
      <ul>
         <li>
            <p>The Committee is responsible for enforcing standards and for making sure that training is conducted properly. This ensures that graduates are fully qualified in those areas of training designated by the standards.</p>
         </li>
         <li>
            <p>The Committee screens and selects individuals for apprenticeship and refers them to participating training programs.</p>
         </li>
         <li>
            <p>The Committee places apprentices under written agreement for participation in the program.</p>
         </li>
         <li>
            <p>The Committee establishes minimum standards for related classroom instruction and OJL and monitors the apprentice to see that these standards are followed during the training period.</p>
         </li>
         <li>
            <p>The Committee hears all complaints of violations of apprenticeship agreements, whether by employer/sponsor or apprentice, and takes action within the guidelines of the standards.</p>
         </li>
         <li>
            <p>The Committee notifies the registration agencies of all enrollments, completions, and terminations of apprentices.</p>
         </li>
      </ul>
   </learningContentbody>
</learningContent>