<?xml version="1.0" encoding="UTF-8"?>
<learningContent xmlns:xsi="http://www.w3.org/2001/XMLSchema-instance" id="M01_topic_1_1"
                 xsi:noNamespaceSchemaLocation="urn:nccer:names:ncs:xsd:NCS_learningContent.xsd"
                 xml:lang="en">
   <title>Front</title>
   <prolog>
      <data name="role" value="fm"/>
   </prolog>
   <learningContentbody>
      <fig sourcetype="informalfigure">
         <data name="role" value="openingart"/>
         <data name="float" value="0"/>
         <image keyref="02101-18_MO"/>
      </fig>
      <section>
         <title sourcetype="introduction">Overview</title>
         <p>Plumbers protect the health, safety, and comfort of people. Training and critical-thinking skills are essential to being a good plumber. A professional work ethic and good safety habits go a long way toward adding to the success of a plumber.</p>
      </section>
      <section sourcetype="source">
         <p>Trainees with successful module completions may be eligible for credentialing through NCCER’s National Registry. To learn more, go to <xref href="http://www.nccer.org" format="html" scope="external">www.nccer.org</xref> or contact us at 1.888.622.3720. Our website has information on the latest product releases and training, our <i>Breaking Ground</i> digital newsroom, and Pearson’s product catalog.</p>
         <p>Your feedback is welcome. You may email your comments to <xref href="mailto:curriculum@nccer.org" format="html" scope="external">curriculum@nccer.org</xref>, send general comments and inquiries to <xref href="mailto:info@nccer.org" format="html" scope="external">info@nccer.org</xref>, or fill in the User Update form at the back of this module.</p>
         <p sourcetype="copyright">
            <b>Copyright © 2019 by NCCER, Alachua, FL 32615, and published by Pearson Education, Inc., New York, NY 10013. All rights reserved</b>. Printed in the United States of America. This publication is protected by Copyright, and permission should be obtained from NCCER prior to any prohibited reproduction, storage in a retrieval system, or transmission in any form or by any means, electronic, mechanical, photocopying, recording, or likewise. To obtain permission(s) to use material from this work, please submit a written request to NCCER Product Development, 13614 Progress Blvd., Alachua, FL 32615.</p>
      </section>
      <lcObjectives>
         <title>Objectives</title>
         <lcObjectivesStem>Successful completion of this module prepares trainees to:</lcObjectivesStem>
         <lcObjectivesGroup>
            <lcObjective props="1.">
               <p>Describe the plumbing profession.</p>
               <ol>
                  <li>
                     <p>Describe the history of the plumbing profession.</p>
                  </li>
                  <li>
                     <p>Describe the plumbing profession today.</p>
                  </li>
               </ol>
            </lcObjective>
            <lcObjective props="2.">
               <p>Identify the responsibilities of a person working in the plumbing industry.</p>
               <ol>
                  <li>
                     <p>State the personal characteristics of a professional.</p>
                  </li>
                  <li>
                     <p>Identify career opportunities in plumbing.</p>
                  </li>
               </ol>
            </lcObjective>
         </lcObjectivesGroup>
      </lcObjectives>
      <lcObjectives sourcetype="practice">
         <title>Performance Tasks</title>
         <lcObjectivesGroup>
            <lcObjective>
               <p>This is a knowledge-based module; there are no Performance Tasks.</p>
            </lcObjective>
         </lcObjectivesGroup>
      </lcObjectives>
      <section sourcetype="keywordset">
         <title>Trade Terms</title>
         <p>
            <term>Aboveground rough-in</term>
         </p>
         <p>
            <term>Appurtenances</term>
         </p>
         <p>
            <term>Aqueduct</term>
         </p>
         <p>
            <term>Aquifer depletion</term>
         </p>
         <p>
            <term>Backflow</term>
         </p>
         <p>
            <term>Backflow preventer</term>
         </p>
         <p>
            <term>Bioswale</term>
         </p>
         <p>
            <term>Chlorine</term>
         </p>
         <p>
            <term>Code</term>
         </p>
         <p>
            <term>Cross-connection</term>
         </p>
         <p>
            <term>Disinfection</term>
         </p>
         <p>
            <term>Drain, waste, and vent (DWV)</term>
         </p>
         <p>
            <term>Ethics</term>
         </p>
         <p>
            <term>Filtration</term>
         </p>
         <p>
            <term>Finish</term>
         </p>
         <p>
            <term>Fixtures</term>
         </p>
         <p>
            <term>Geothermal</term>
         </p>
         <p>
            <term>Graywater</term>
         </p>
         <p>
            <term>Journey plumber</term>
         </p>
         <p>
            <term>Leadership in Energy and Environmental Design (LEED)</term>
         </p>
         <p>
            <term>Model codes</term>
         </p>
         <p>
            <term>On-the-job learning (OJL)</term>
         </p>
         <p>
            <term>Plumbarius</term>
         </p>
         <p>
            <term>Plumber</term>
         </p>
         <p>
            <term>Plumbing</term>
         </p>
         <p>
            <term>Plumbum</term>
         </p>
         <p>
            <term>Polyvinyl chloride (PVC)</term>
         </p>
         <p>
            <term>Potable</term>
         </p>
         <p>
            <term>Rainwater harvesting</term>
         </p>
         <p>
            <term>Reclaimed water</term>
         </p>
         <p>
            <term>Softening</term>
         </p>
         <p>
            <term>Solar hot water</term>
         </p>
         <p>
            <term>Thermoplastic</term>
         </p>
         <p>
            <term>Thermoset</term>
         </p>
         <p>
            <term>Underground rough-in</term>
         </p>
         <p>
            <term>United States Green Building Council (USGBC)</term>
         </p>
         <p>
            <term>Water efficiency</term>
         </p>
      </section>
      <section>
         <supertitle>Industry Recognized Credentials</supertitle>
         <p>If you’re training through an NCCER-accredited sponsor you may be eligible for credentials from NCCER’s Registry. The ID number for this module is 02101. Note that this module may have been used in other NCCER curricula and may apply to other level completions. Contact NCCER’s Registry at 888.622.3720 or go to <xref href="http://www.nccer.org" format="html" scope="external">www.nccer.org</xref> for more information.</p>
      </section>
      <note>
         <p>Code Note</p>
         <p>Codes vary among jurisdictions. Because of the variations in code, consult the applicable code whenever regulations are in question. Referring to an incorrect set of codes can cause as much trouble as failing to reference codes altogether. Obtain, review, and familiarize yourself with your local adopted code. Safety codes are developed by the US Occupational Safety and Health Administration (OSHA).</p>
      </note>
   </learningContentbody>
</learningContent>