<?xml version="1.0" encoding="UTF-8"?>
<topic xmlns:xsi="http://www.w3.org/2001/XMLSchema-instance" id="M01_topic_2_2_6"
       xsi:noNamespaceSchemaLocation="urn:nccer:names:ncs:xsd:NCS_topic.xsd"
       sourcetype="bibliography">
   <title>Additional Resources</title>
   <body>
      <p sourcetype="bibliomixed">
         <i>Plumbing a House</i>, 1998. Peter A. Hemp. Newtown, CT: Taunton Press.</p>
      <p sourcetype="bibliomixed">
         <i>The National Standard Plumbing Code</i>, Current edition. Falls Church, VA: Plumbing-Heating-Cooling Contractors Association.</p>
   </body>
</topic>