<?xml version="1.0" encoding="UTF-8"?>
<topic xmlns:xsi="http://www.w3.org/2001/XMLSchema-instance" id="M01_topic_4_4"
       xsi:noNamespaceSchemaLocation="urn:nccer:names:ncs:xsd:NCS_topic.xsd"
       xml:lang="en"
       sourcetype="appendix">
   <supertitle>Appendix B</supertitle>
   <body>
      <section>
         <title>NCCER Credentials</title>
         <fig>
            <image keyref="02101-18_A01"/>
         </fig>
         <fig>
            <image keyref="02101-18_A02"/>
         </fig>
         <fig>
            <image keyref="02101-18_A03"/>
         </fig>
      </section>
   </body>
</topic>